002	Bebidas

0002	http://wenceslaopaz.com/comercio/img/p/328-482-large.jpg	e3d94ce7d2e0408e282f18a7b2af7629	nop	Coca-Cola	1.40
0003	http://www.deliverypalma.com/images/sevenuplata.jpg	83c648520098698555e8410a7b6e92d1	nop	Seven Up	1.40
0004	http://www.economatocanario.com/images/FONT%20VELLA%20BOTELLA%201,5%20L.jpg	05f9d1706b8ea7c66ccc9a6238f482df	nop	Agua	1.10
0007	http://elblogdeestrella.com/wp-content/uploads/2008/11/cola-light.jpg	55402a065afc17eeaab613ac13db3295	nop	Coca-Cola Light	1.40
0008	http://www.paper4people.com/comercio/images/383214A01.gif	11abc560e4ecf12c84f576d5ebff984d	nop	Coca-Cola Zero	1.40
0009	http://wenceslaopaz.com/comercio/img/p/58-119-home.jpg	9694cec124180560a7401c0b10ba17ed	nop	Coca-Cola Sin	1.40
0010	http://www.economatocanario.com/images/FANTA%20LIMON%20LATA%2033%20CL.jpg	2ecdb9d31efd63c2d0dafeeb646be3ad	nop	Fanta Limon	1.40
0012	http://wenceslaopaz.com/comercio/img/p/77-1225-home.jpg	28c99ce9aafa4900ccbc1b6d2fad1bd3	nop	Nestea	1.50
0013	http://www.massadaserra.com.br/sad/fotos/sprite.gif	ed7c30e585ac2296c36c882a46e1d368	nop	Sprite	1.40
0014	http://www.pago.es/sites/default/files/orange_juice_span%20copia_0.gif	a5662f96032e05fb6e0b5181c187b6ce	-shave 30x0	Zumo Naranja	1.55
0016	http://www.fruteriaromero.com/images/radicalpi%C3%B1a.JPG	d32dcdce60ef2a7eba444a5e47960646	-shave 20x0	Radical	1.85
0017	http://www.cocina.org/uploads/img_diego_1193425154.jpg	4c28f13aa68bc772ec44c6d494a0df43	nop	Bat. Chocolate	1.20
0018	http://www.pago.es/sites/default/files/cloudy-apple%20_%20with%20fruits_0.png	a2f74d6c18c73aa3aa3e15f06a0b2a77	-shave 30x0	Zumo Manzana	1.55
0019	http://www.economatocanario.com/images/FANTA%20NARANJA%20LATA%2033%20CL.jpg	d2e78d9e56ba38204ad5a95fcc2018ad	nop	Fanta Naranja	1.40
0020	http://www.cafetal.eu/Portals/19/Imagenes/Zumos/Melocoton.gif	992e9ccf8dc770d9a9998f11fe3454cd	-shave 30x0	Zumo Melocoton	1.55
0021	http://www.emes.cat/FitxersWeb/394/8410055033021_p.jpg	b15ae9ef78dbc3c9cc35144b05863918	nop	Agua Peque	0.60
0022	http://imagenes.solostocks.com/m1_3288382/guarana-antartica-lata.jpg	c5ae419cdcb679a86baa5bcdc7a79b6e	nop	Guarana	1.55
0023	http://www.cafetal.eu/Portals/19/Imagenes/Zumos/Pi%C3%B1a.gif	03850efd28c5898d11d37f6f98007f7e	-shave 30x0	Zumo Piña	1.55
0024	http://3.bp.blogspot.com/_vrNJ9Ptpr6U/SKeItxq64FI/AAAAAAAAAio/8SlNtYeoQCQ/s320/red_bull_energy_drink.jpg	d1ae5e987f79f469e9e9de47f4b4691c	nop	Red Bull	2.30
0025	http://doodlesplatter.com/wordpress/wp-content/uploads/2008/11/pepsi-united-kingdom-jon-burgerman.jpg	c1fbcf4e3d270828ee2bae20c94505a2	-shave 12x0	Pepsi	1.40
0026	http://www.santacruzsupermercados.com.br/imagens/produtos/507875.jpg	57d73cc673e8f3d0076230129c25a81e	nop	Pepsi Twist	1.45
0027	http://www.massadaserra.com.br/sad/fotos/schweppes_citrus.gif	9aafc6311da819b2825b9fc971343013	nop	Schweppes Citrus	1.40
0028	http://www.massadaserra.com.br/sad/fotos/schweppes_tonica.gif	4ad60141834fd9a435e6f024ce94225f	nop	Schweppes	1.30
0029	http://i51.twenga.com/gastronomia/bebida-gaseosa/coca-cola-vidrio-tp_6438778901357807625.png	6fe99faf1dc3c8cc3a9d9646709ef5d9	nop	Coca-Cola Bot.	1.30
0030	http://www.aquaamore.com/images/products/01253.jpg	1a3184b45718959d9e990d5258844d0e	nop	Coca-Cola Zero Bot.	1.30
0031	http://www.arn.lv/xml/4578/big/4578.jpg	1e32bfd5c7b2e76fc75d7496b29bf4ba	nop	Coca-Cola Light Bot.	1.30
0032	http://www.aquaamore.com/images/products/01213.jpg	6d1d0abb8a0bc8b2ec7d78177cd1832e	nop	Fanta N. Zero	1.30
0033	http://www.aquaamore.com/images/products/01279.jpg	0efd10b2fb74c4ab4a71bd0983f6bbee	nop	Fanta L. Zero	1.30
0034	http://my.20six.de/schreibman/img/schweppes.jpg	cf16e7bcf022b3d866459dc65fbdf245	-shave 0x25	Schweppes Bot	1.20
0035	http://www.s2.com.br/s2arquivos/476/imagens/3221Image.jpg	8918c83bb5141adcf9ae16f014b03e4c	-bordercolor white -border 221x0	Schwep, Cit. Bot.	1.20
0036	http://www.paodeacucar.com.br/imagens/86/8617934_a1.jpg	8bfc7cd6f2b246c5dff17e56606af323	nop	Burn	2.50
0037	http://mm.sabores.com/%2FEspa%C3%B1ol%2FMujeres%2FRecetas%2FSabores%2F50566/235burn-day.jpg	a4ab6e33650058023b74cd1d3d9479ee	nop	Burn B.	3.00
0038	http://www.aquaamore.com/images/products/01228.jpg	130c4464c7ce99340d8e574ee545fce4	nop	Agua Cristal	1.30
0039	http://www.hipernet24.pl/sklep/img_items/b/092/9277.jpg	c6bcde57c2a58b247434254f60a05cf5	nop	Pepsi Light	1.40
0040	http://wenceslaopaz.com/comercio/img/p/249-306-home.jpg	b8ca01f05dd2cb91f47df99f32349efc	nop	Aquarius	1.40
0041	http://www.economatocanario.com/images/AQUARIUS%20NARANJA%20LATA%2033%20CL.jpg	8f5dc9f556a49d09fdab349a35a43cb4	nop	Aquarius Naranja	1.40
0042	http://www.lsa-conso.fr/mediatheque/1/9/4/000002491_5.jpg	c8567364a95a9e96b3bad55646be5ef6	nop	Lipton Ice	1.30
0043	http://www.economatocanario.com/images/VICHY%20CATALAN%20AGUA%20MINERAL%20CON%20GAS%20BOTELLA%201%20L.jpg	1251468d8a0e1e71c7aa8948eb35c01a	nop	Agua Gas	1.50
0044	http://www.despanabrandfoods.com/images/water/HPIM3007.jpg	7ac8c1fd028b198c36adb886c52dd4e6	-shave 0x5	Kas Naranja	1.40
0045	http://www.despanabrandfoods.com/images/water/HPIM3005.jpg	69345596630336ba4ce6ba08291779d3	-shave 0x5	Kas Limon	1.40
0046	http://www.vinyadmedia.com/img2/fanta_verdia.png	e2a38de1b93548ac7780d4a21451879e	-shave 0x10	Fanta Verdia	1.40
0047	http://www.thepublican.com/Pictures/web/g/m/e/300ml_Pepsi.jpg	8afde7ba845b2467a9b58b546cfb9de2	nop	Pepsi Bot.	1.30
0048	http://www.economatocanario.com/images/OKEY%20BATIDO%20CACAO%20BOTELLA%20750%20ML.jpg	b7408c776e83d0b490b12280ee6e191d	nop	Okey Cacao	1.25
0049	http://www.economatocanario.com/images/OKEY%20BATIDO%20FRESA%20200%20CC.jpg	49993dca697e720e304c12c5bdddbdb7	nop	Okey Fresa	1.25
0050	http://www.economatocanario.com/images/OKEY%20BATIDO%20VAINILLA%20200%20CC.jpg	c09b98a8ca7ae5e9f725a3e4fb592c11	nop	Okey Vainilla	1.25

003	Cervezas

0001	http://www.vega-es.com/media/catalog/product/cache/2/image/250x/5e06319eda06f020e43594a9c230972d/4/1/4187_1.jpg	bdeb0c850a6b3657a266de035a62b839	nop	Caña	2.00
0002	http://www.united-nations-of-beer.com/images/budweiser.jpg	af8ba84cdb767f0ce178990014c4826a	nop	Budweiser	2.40
0004	http://www.cervezasyvinos.com/18-81-large/coronita.jpg	59e58e2e06dc86802fba9d5a847d3301	nop	Coronita	2.40
0005	http://www.beerhere.co.uk/acatalog/F319_Cruzcampo_33cl.jpg	dcd81912991594731d3223ae5f6601d8	-bordercolor white -border 221x0	Cruzcampo	2.00
0006	http://www.atochavallecas.com/catalogo/cervezas/laiker.jpg	0d0e7cd704f40a720dd467f0d5d68065	nop	Laiker	1.95
0008	http://www.cervezasyvinos.com/59-135-large/heineken.jpg	a1fda1c871d72ebd5f4b63a505d5f6b5	nop	Heineken	2.40
0010	http://www.atochavallecas.com/catalogo/cervezas/mahou_clasica.jpg	e6c6afb0f346f8129a00151326300748	nop	Mahou Clasica	2.00
0011	http://www.atochavallecas.com/catalogo/cervezas/mahou_negra.jpg	fba7bddbc6745b10f9625870fe0b4595	nop	Mahou Negra	2.20
0012	http://www.atochavallecas.com/catalogo/cervezas/mahou_5estrellas.jpg	35487eb84ae5f0ebf643a4c60b0d93f0	nop	Mahou 5 Estrellas	2.30
0013	http://www.atochavallecas.com/catalogo/cervezas/mixta_shandy.jpg	13c0ba3eced8183b81a9ffb7822fd40c	nop	Mixta	2.10
0014	http://www.economatocanario.com/images/CRUZCAMPO%20LATA%2033%20CL.jpg	1ef8a12a1a0555f56758a438f52dadf5	nop	Cruzcampo Lata	1.95
0017	http://wenceslaopaz.com/comercio/img/p/1052-1318-home.jpg	b53ef02be29bca87531b7688f098837b	nop	Cruz. Light Lat.	2.00
0019	http://www.economatocanario.com/images/SAN%20MIGUEL%200,0%20CERVEZA%20SIN%20ALCOHOL%20LATA%2033%20CL.jpg	3aa3e16ef3c31decdca99dfda7fc9935	nop	San Miguel 00 Lat.	2.00
0020	http://www.javalinuevo.com/images/chapas/chapa1125.jpg	e2fa7b4fb191e0941e7327299c7085ca	-shave 3x0	Buckler 00	2.20
0021	http://www.economatocanario.com/images/BUCKLER%200%270%20CERVEZA%20SIN%20ALCOHOL%20LATA%2033%20CL.jpg	9175f9677b5dec2dd270925f49189e39	nop	Bucker 00 Lat.	2.10
0022	http://www.heinekenbrandlibrary.com/heiway/brandlibrary.nsf/0/7350212A3C056754C1256FEB002A3B84/\$file/shandy%20cc.jpg	2c9a0ed9bf7c50ca4bff70407d7ad945	-bordercolor white -border 1082x0	Shandy	1.95
0023	http://www.despensaenlinea.com/tienda/images/budweiser-lata.jpg	e3401187e1f15d71ff2ec6652ae00927	nop	Budweiser Lata	2.20
0024	http://3.bp.blogspot.com/_5OYTXpX0bcY/SAkAi4fYEpI/AAAAAAAAAJ0/sq3-qXULw48/s320/logo-shandy.jpg	a7d37802b932013b5bc310656f7e86da	-shave 0x2	Shandy Lata	1.90
0025	http://www.sosdesigners.com.br/sistema/pizzaria/produtos/g_10012007172233.jpg	485605ebfadf82f15b6226433d100538	nop	Heineken Lata	2.20
0026	http://www.bar-beer.com/fotos/540_090621213308_gcim.jpg	1cbb7e116ba88b5470936a6a6e24089b	-shave 100x0	Mixta Lata	2.00
0027	http://www.economatocanario.com/images/MAHOU%205%20ESTRELLAS%20LATA%2033%20CL.jpg	9db6ff08d5e10aa687e3d7f35dbe9603	nop	Mahou 5 Lata	2.10
0028	http://www-users.kawo2.rwth-aachen.de/~kern/Biertest/Mahou_clasica.jpg	96ae7b4bc533fc379ce3eb12e97d7f52	nop	Mahou Clas. Lat.	1.90
0029	http://lh6.ggpht.com/_DjCENcTRyho/R1yDnX3oaOI/AAAAAAAAAzU/iwsO27g3Xuc/s160/aguila%20amstel%20%28E%29.jpg	568c0c8c2cc2cf35738aae51167e6150	nop	Aguila Amstel	2.00
0030	http://wenceslaopaz.com/comercio/img/p/201-1221-home.jpg	b414f2b1a93bfe6ae87f525b90b19755	nop	Amstel Lata	1.90
0031	http://www.guinnesswebstore.com/imagesEdp/p32985b.jpg	11cceb1ee5d99177d43671818b277eda	nop	Guinness	2.50
0032	http://www.r2mshop.com/foto/medium/21105.jpg	27b870eca2029fd880496724bb232fa2	nop	Paulander	2.10
0034	http://www.reddysofflicence.ie/userfiles/image/carlsberg.jpg	3254996414d2885d3c381a85a95c69c7	nop	Carlsberg	2.10
0035	http://www.thenewbatavia.com/resources/internal/file_views/617/1_CarlsbergBeer-330ml.jpg	725a0dc9618ea681a6314fecbabfa841	nop	Carlsbert Lata	2.00
0036	http://www.economatocanario.com/images/DORADA%20PILSEN%20LATA%2033%20CL.jpg	3779fb01472e9dbeac9f1f9f77504125	nop	Dorada 33	1.70
0037	http://www.economatocanario.com/images/DORADA%20PILSEN%20LATA%2050%20CL.jpg	f181479e35ba5cb29ccdefd9ce787bf2	nop	Dorada 50	1.85
0038	http://www.thefoodhall.es/images/80048.jpg	52efed661b7fb4a81d6730f283c6be03	nop	Fosters	2.00
0039	http://winegiftsonline.co.uk/shop/products_pictures/fosters-bottle.jpg	2a794dd884af877027a04834909f0f31	-bordercolor white -border 16x0	Fosters	1.95

004	Bocadillos

0001	http://3.bp.blogspot.com/_8TwPzhqT7sg/Shm9K_I4CxI/AAAAAAAAEiA/1V42ByAujg0/s400/bocadillo.jpg	34832a1cd1a0362b610bb2516ca5413b	-bordercolor white -border 0x125	B.Atun	2.95
0002	http://www.bcrek.com/botiga//images/shop/product/512089f8bdb02f6e3ea60be0ecbc1b00.jpg	0f2812ad8cc2267d570d936ac62274e7	-bordercolor white -border 0x40	B.Serrano	3.20
0003	http://opiniones.files.wordpress.com/2010/01/sandwich-mixto.gif	ae42630e1d411754f684af93991d8cb2	-bordercolor white -border 0x77	Bikini	2.45
0004	http://www.bcrek.com/botiga//images/shop/product/8f1a68dace2855fbd7ca800974d88f7b.jpg	81facfd1c6b0ecb7f368acbc830bf717	-bordercolor white -border 0x40	B.Bacon Queso	3.30
0005	http://static-p4.fotolia.com/jpg/00/00/43/85/110_F_438530_LWWCqNWXh0b7UnATzdWKKU9ABLV12P.jpg	c1f53bb666d66cfd2eaa4e405279b0c6	-bordercolor white -border 0x13	Pepito Lomo	3.30
0006	http://inusitatus.blogtvargentina.com.ar/img/Image/Inusitatus/2008/Agosto/hotdog_1.jpg	9a407a4867a380a6fe19d2e37b63aa86	nop	Frankfurt	2.95
0007	http://www.bcrek.com/botiga//images/shop/product/3613b03009456a88885091ab85f2caae.jpg	bb20c4bd23b1db2923a9b41096f8d27a	-bordercolor white -border 0x40	B.Fuet	2.80
0008	http://static.consumer.es/www/imgs/recetas/7/79014_g.jpg	33ff2d0b38497c519633f1fde62fc70e	-shave 50x0	B.Pollo	3.10
0009	http://www.cater-line.com/tienda/image/cache/bocata_tortilla_pimientos-250x250.jpg	82c934b03b01f5a99f352c9abfb41075	nop	B.Tortilla Patata	3.50
0010	http://www.cater-line.com/tienda/image/cache/baguette_chorizo-400x400.jpg	2446b181a52893564cafb1c4c6000a19	nop	B.Chorizo	2.80
0012	http://www.cater-line.com/tienda/image/cache/baguette_vegetal-250x250.jpg	b7923e5e316d4fc12af0e16240a2f5e1	nop	B.Vegetal	3.00
0048	http://www.cater-line.com/tienda/image/cache/baguette_mixto-400x400.jpg	da933dbb6a7a85f7cfb956421baa2c82	nop	B.Jamon Queso	2.90
0049	http://espaiescoles.farmaceuticonline.com/imatges/articles/8_12anys/menjarescola/dinar_entrepa.gif	33ca96de405f2987857e3ca2e4034686	-bordercolor white -border 0x19	B.Queso	2.80
0051	http://www.rogamsl.com/images/salchichon.jpg	5e5d94ab6e740f343c3ac2324d2ffa40	-bordercolor white -border 0x79	B.Salchichon	2.80
0053	http://www.scannerfm.com/wp-content/uploads/2009/10/bocata-calamares.jpg	799c71e7ff534e43f2d1b3337d96a7c0	-bordercolor white -border 0x46	B.Calamares	3.50
0056	http://comidaparaelpensamiento.files.wordpress.com/2008/07/sobrasada.gif	7bea1747756353a25afe900d3402ecb0	-bordercolor white -border 0x71	B.Sobrasada	2.90
0057	http://www.bcrek.com/botiga//images/shop/product/52db52ab9941b4c6233b6474438f359c.jpg	0979faf79b66c6a2160899b560ff0f28	-bordercolor white -border 0x40	B.Atun Pimi.	3.10
0058	http://bocata.com/wp-content/uploads/2009/07/bocataBig1-300x180.jpg	73c730a6e86fb948849882f5c8c2523f	-bordercolor white -border 0x60	B.Anchoas	3.10

005	Aperitivos

0001	http://ccbolgroup.com/comp/fruta/almendras.jpg	b95ee6da2679cb24224533eecd214726	nop	Almendras	1.50
0002	http://jaimeolive.com/img/olivas.jpg	91b53f1b92b32466d6ca333c3d0db032	-bordercolor white -border 0x10	Aceitunas negras	1.50
0003	http://aceitunasverdolay.com/img/manzanilla-anchoas.jpg	e8439db0e713200688a60476ddd5161e	-bordercolor white -border 0x71	Aceitunas Anchoa	1.50
0004	http://www.cocina.org/uploads/img_diego_1163010789.jpg	b5dff1feca8ad1095518ec1b364be49e	-bordercolor white -border 0x40	Aceitunas Manza.	1.50
0005	http://pagesperso-orange.fr/cuisinereunionnaise/images/cacahu%E8tes.jpg	5ab92220370093532a7b627178dab4f6	-shave 14x0	Cacahuetes	1.40
0006	http://lh4.ggpht.com/_mT2zxTIY7s0/SbSsRJm_ixI/AAAAAAAADS0/nz7C42G5lHw/s160/Bolsa_de_ganchitos.jpg	75748b54ada7d019fd3e670206c0c5f6	nop	Ganchitos	1.30
0007	http://www.pepsico.es/arxius/productos-bodegon80.jpg	1e43ed2511c242afbeda0e7c359536f7	-bordercolor white -border 21x0	Bugles 3D	1.20
0008	http://www.aperitivossnack.es/imgs/productos/producto-66-140.jpg	34d5fc489f5574d89096538c47a224a6	nop	Bits	1.40
0009	http://www.pepsico.es/arxius/productos-bodegon77.jpg	2f19cd48d345689466b80244a7d897a9	-bordercolor white -border 51x0	Boca Bits	1.20
0010	http://www.aperitivossnack.es/imagenes-usuario/image/Noticias/Cheetos%20Pandilla%20%28web%29.jpg	844facd18c9bce588207a2ed7fddd00d	nop	Che. Pandilla	1.30
0011	http://www.aperitivossnack.es/imgs/productos/producto-43-140.jpg	debd02e7f7a5ede790f6ec5d938f4a4c	nop	Pelotazos	1.30
0012	http://www.aperitivossnack.es/imgs/productos/producto-52-140.jpg	9e0e096cb74cfeb877e4de19f1576066	nop	Doritos Tex-Mex	1.40
0013	http://www.aperitivossnack.es/imgs/productos/producto-73-140.jpg	dd2998e0c74f73ad6e5ac4e2e920a418	nop	Fritos	1.40
0014	http://www.emes.cat/FitxersWeb/394/8410199001924_p.jpg	967f98180b42c41ded96460bad2a5942	nop	Pat.Artesanas	1.50
0015	http://wenceslaopaz.com/comercio/img/p/565-768-home.jpg	d6ecbc26722eaf83b909f4dbc7be5b17	nop	Pat. Campesina	1.40
0016	http://www.aperitivossnack.es/imgs/productos/producto-30-140.jpg	d4c5dc3bf5ffda692cf1c1ebcbba3f5a	nop	Pat. Gourmet	1.70
0017	http://www.economatocanario.com/images/J.jpg	67a11643dabfb881308a8766edd27184	nop	Pat. Jamon	1.40
0018	http://i.walmartimages.com/i/p/00/02/84/00/05/0002840005179_215X215.jpg	78bcb7dccc27786a180f47383ea05eb0	nop	Pat. Light	1.50
0019	http://i.walmartimages.com/i/p/00/02/84/00/05/0002840005509_215X215.jpg	3cc040ed120fe97ec50e067f956a1525	nop	Stax	2.20
0020	http://www.aperitivossnack.es/imgs/productos/producto-55-140.jpg	e5a3939057f6d0e501bc1b2840ad09c8	nop	Ruffles Jamon	1.50
0021	http://www.aperitivossnack.es/imgs/productos/producto-54-140.jpg	09889cb2ddbdfc8ddd89283b565edcd6	nop	Ruffles Original	1.50
0022	http://wenceslaopaz.com/comercio/img/p/563-766-home.jpg	250623485a664933c27b845a21f24ead	nop	Pat. Punto Sal	1.30
0023	http://img186.imageshack.us/img186/6863/nachos2si.jpg	5e03d3cb4232de235133f4d4bded010d	-bordercolor white -border 0x17	Nachos	2.50
0024	http://wenceslaopaz.com/comercio/img/p/865-1101-home.jpg	7b2646f5f2c92533cda4baad0396d191	nop	Cacahuete Miel	1.60
0025	http://img.alibaba.com/photo/12261963/Roasted_Corn_Toasted_Corn_Soslu_Misir_Corn_Nuts_Snack.jpg	bf916b42b737c447e0c6a90f30e1787d	nop	Maiz Frito	1.50
0026	http://britishonlinesupermarket.com/acatalog/pringles_original_165g.jpg	eb7bf3f6261c05ab5b194f20dcd8bb4b	nop	Pringles	2.50
0027	http://britishonlinesupermarket.com/acatalog/pringles_sour_cream_\&_onion_165g.jpg	9dd2c79a18d88fdf843b623c45ccdc76	nop	Pringles Cebolla	2.50
0028	http://www.britsuperstore.com/acatalog/Pringles_Sour_Cream_Onion_43g.jpg	9fb2cb8f697b93272ffa9027e394167d	nop	Pringles C. Peque.	1.60
0029	http://sweet-7.be/images/pringles.jpeg	1b21b55d08023398e09bb439687c6757	nop	Pringles Peque.	1.60
0030	http://www.britishcornershop.co.uk/images/large/CS0230.jpg	684f62a109112d4fc0e850f36e72c01d	nop	Pringles Queso	2.50
0031	http://sweet-7.be/images/pringles%20p.jpeg	731fb29785a4a8529fd56d870b57dca5	nop	Pringles Q.Peque	1.60
0032	http://www.mesadelsur.com/Files/24426/pipasg40big.jpg	9b50c6d82f16aeebb9a55977d076dc41	nop	Pipas	1.30
0033	http://servicios.elcorreo.com/gastronomia/productos/fotos/producto31012004_pistacho.jpg	2adc978eb299e0c0a48f7cc7622f2ea7	-shave 20x0	Pistacho	1.50
0034	http://static.consumer.es/frutas/imgs/fotografias/sec_albaricoque/03.jpg	c492d1f1baaa28237558860a5fabc9a1	-bordercolor white -border 8x0	Orejones	1.20
0035	http://really-useful.y2u.co.uk/Food/Popcorn.jpg	ee35170dfc330747bb6b33432ab7d8c4	nop	Palomitas	1.40
0036	http://img.genciencia.com/2006/10/acido_cafeico_nueces.jpg	8f22ba003f44e65e22e74dc3514035f7	-bordercolor white -border 0x24	Nueces	1.40
0037	http://www.mesadelsur.com/Files/24426/Img/10/pipasGbacon_big.jpg	5ee58330e8acec8a9c372fba28b1caa7	nop	Pipas tijuana	1.30
0038	http://www.grefusa.com/Papadelta.gif	5a8cd3eec7a750adaf3ee3a08549fcd7	-bordercolor white -border 3x0	Papa Delta	1.00
0039	http://4.bp.blogspot.com/_C5ANZUckC4c/SmW_1mrGUwI/AAAAAAAAAPU/acxOJML6o8U/s400/gublins.bmp	5aa27708b5ac9944e8eee0f387cc566a	-bordercolor white -border 36x0	Gublins	1.00
0040	http://media.telemarket.fr/imgprod/437BD1C823435407E1000000AC110A15.jpg	09821651353e1397fc38f5f4510051f8	nop	Galletas Tuc	1.80
0041	http://www.lacocinadeinma.com/wp-content/uploads/D%C3%A1tiles.jpg	7cbd74f1799b05b9329a31e2f2130269	-shave 50x0	Datil Bacon	2.00
0042	http://www.economatocanario.com/images/PRINGLES.jpg	00800054d627079fbf3d88d4549f312d	nop	Pringles Barbacoa	2.50